peptide,start,stop,mc,mz1,mz2,mz3,width
K,86,86,0,147.113,74.06,49.709,1
K,117,117,0,147.113,74.06,49.709,1
R,185,185,0,175.119,88.063,59.045,1
R,197,197,0,175.119,88.063,59.045,1
MK,1,2,0,278.153,139.58,93.389,2
TK,92,93,0,248.16,124.584,83.392,2
NR,198,199,0,289.162,145.085,97.059,2
FDK,152,154,0,409.208,205.108,137.074,3
ALK,155,157,0,331.234,166.121,111.083,3
CHPR,186,189,0,569.261,285.134,190.425,4
IIAEK,87,91,0,573.361,287.184,191.792,5
GLDIQK,25,30,0,673.388,337.198,225.134,6
IPAVFK,94,99,0,674.424,337.715,225.479,6
SSFSNK,223,228,0,669.32,335.164,223.778,6
ALPMHIR,158,164,0,837.476,419.242,279.83,7
LPHQGTR,190,196,0,808.442,404.725,270.152,7
IDALNENK,100,107,0,916.473,458.74,306.163,8
GINLCSPF,229,236,0,907.434,454.221,303.15,8
WENGECAQK,77,85,0,1121.468,561.238,374.494,9
VLVLDTDYK,108,116,0,1065.583,533.295,355.866,9
TPEVDDEALEK,141,151,0,1245.585,623.296,415.866,11
VYVEELKPTPEGDLEILLQK,57,76,0,2313.259,1157.133,771.758,20
LSFNPTQLEEPGSLGPSGDR,165,184,0,2101.02,1051.013,701.011,20
CLLLALALTCGAQALIVTQTMK,3,24,0,2389.302,1195.154,797.105,22
YLLFCMENSAEPEQSLACQCLVR,118,140,0,2818.267,1409.637,940.094,23
DHIHPSWDPGPSRPLLGPPAWGR,200,222,0,2545.285,1273.146,849.1,23
VAGTWYSLAMAASDISLLDAQSAPLR,31,56,0,2707.376,1354.192,903.13,26
