peak_id,peptide,start,stop,mc,mz1,mz2,mz3,width,species,monoisotopic_mass,molecular_weight,peptide_length,experimental_mass,mass_error_ppm,intensity
1,K,86,86,0,147.113,74.06,49.709,1,Bos_taurus,146.105527704,146.188,1,146.10274825818104,19.02391195302729,33949.53049137257
1,K,117,117,0,147.113,74.06,49.709,1,Bos_taurus,146.105527704,146.188,1,146.10274825818104,19.02391195302729,33949.53049137257
1,K,86,86,0,147.113,74.06,49.709,1,Ovis_aries,146.105527704,146.188,1,146.10274825818104,19.02391195302729,33949.53049137257
1,K,117,117,0,147.113,74.06,49.709,1,Ovis_aries,146.105527704,146.188,1,146.10274825818104,19.02391195302729,33949.53049137257
1,K,32,32,0,147.113,74.06,49.709,1,Capra_hircus,146.105527704,146.188,1,146.10274825818104,19.02391195302729,33949.53049137257
1,K,99,99,0,147.113,74.06,49.709,1,Capra_hircus,146.105527704,146.188,1,146.10274825818104,19.02391195302729,33949.53049137257
2,R,185,185,0,175.119,88.063,59.045,1,Bos_taurus,174.1116757144,174.201,1,174.10977811551726,10.898864516903814,79031.38756891713
2,R,197,197,0,175.119,88.063,59.045,1,Bos_taurus,174.1116757144,174.201,1,174.10977811551726,10.898864516903814,79031.38756891713
2,R,181,181,0,175.119,88.063,59.045,1,Capra_hircus,174.1116757144,174.201,1,174.10977811551726,10.898864516903814,79031.38756891713
2,R,182,182,0,175.119,88.063,59.045,1,Capra_hircus,174.1116757144,174.201,1,174.10977811551726,10.898864516903814,79031.38756891713
3,R,185,185,0,175.119,88.063,59.045,1,Bos_taurus,174.1116757144,174.201,1,174.11113673681626,3.0955951115237217,51639.0405301936
3,R,197,197,0,175.119,88.063,59.045,1,Bos_taurus,174.1116757144,174.201,1,174.11113673681626,3.0955951115237217,51639.0405301936
3,R,181,181,0,175.119,88.063,59.045,1,Capra_hircus,174.1116757144,174.201,1,174.11113673681626,3.0955951115237217,51639.0405301936
3,R,182,182,0,175.119,88.063,59.045,1,Capra_hircus,174.1116757144,174.201,1,174.11113673681626,3.0955951115237217,51639.0405301936
4,MK,1,2,0,278.153,139.58,93.389,2,Bos_taurus,277.1460123102,277.384,2,277.1417724935914,15.298367223434253,60398.90696713701
4,MK,1,2,0,278.153,139.58,93.389,2,Ovis_aries,277.1460123102,277.384,2,277.1417724935914,15.298367223434253,60398.90696713701
4,MK,1,2,0,278.153,139.58,93.389,2,Capra_hircus,277.1460123102,277.384,2,277.1417724935914,15.298367223434253,60398.90696713701
5,NR,198,199,0,289.162,145.085,97.059,2,Bos_taurus,288.1546031616,288.304,2,288.16725507193115,-43.90474666526514,19581.42080740072
6,ALK,155,157,0,331.234,166.121,111.083,3,Bos_taurus,330.2267054722,330.423,3,330.22183344801465,14.75379182079836,66019.05466872267
6,ALK,155,157,0,331.234,166.121,111.083,3,Ovis_aries,330.2267054722,330.423,3,330.22183344801465,14.75379182079836,66019.05466872267
7,IIAEK,87,91,0,573.361,287.184,191.792,5,Bos_taurus,572.3533625488,572.695,5,572.335475382466,31.25294010821515,98510.74101845734
7,IIAEK,87,91,0,573.361,287.184,191.792,5,Ovis_aries,572.3533625488,572.695,5,572.335475382466,31.25294010821515,98510.74101845734
8,LPHQGTR,190,196,0,808.442,404.725,270.152,7,Bos_taurus,807.4351351183,807.897,7,807.4634500881572,-35.06656537099566,25118.327799253166
9,ALPMHIR,158,164,0,837.476,419.242,279.83,7,Bos_taurus,836.4690777835999,837.045,7,836.503439142084,-41.07736666244317,78447.13583029807
9,ALPMHIR,158,164,0,837.476,419.242,279.83,7,Ovis_aries,836.4690777835999,837.045,7,836.503439142084,-41.07736666244317,78447.13583029807
10,GINLCSPF,229,236,0,907.434,454.221,303.15,8,Bos_taurus,906.4269381974,907.045,8,906.4581483012521,-34.430827182266555,10265.903684543446
11,IDALNENK,100,107,0,916.473,458.74,306.163,8,Bos_taurus,915.4661604752,915.987,8,915.4327967124459,36.445889718966164,44054.381408263
11,IDALNENK,100,107,0,916.473,458.74,306.163,8,Ovis_aries,915.4661604752,915.987,8,915.4327967124459,36.445889718966164,44054.381408263
12,VLVLDTDYK,108,116,0,1065.583,533.295,355.866,9,Bos_taurus,1064.5753765736,1065.217,9,1064.5502104690538,23.640129228849915,67137.50315736979
12,VLVLDTDYK,108,116,0,1065.583,533.295,355.866,9,Ovis_aries,1064.5753765736,1065.217,9,1064.5502104690538,23.640129228849915,67137.50315736979
13,WENGECAQK,77,85,0,1121.468,561.238,374.494,9,Bos_taurus,1120.4607575213001,1121.181,9,1120.4693499492898,-7.66859708396847,18330.212377011776
13,WENGECAQK,77,85,0,1121.468,561.238,374.494,9,Ovis_aries,1120.4607575213001,1121.181,9,1120.4693499492898,-7.66859708396847,18330.212377011776
14,VYVEELKPTPEGDLEILLQK,57,76,0,2313.259,1157.133,771.758,20,Bos_taurus,2312.2515298242997,2313.642,20,2312.3550176082567,-44.75428001710912,32716.95100632496
14,VYVEELKPTPEGDLEILLQK,57,76,0,2313.259,1157.133,771.758,20,Ovis_aries,2312.2515298242997,2313.642,20,2312.3550176082567,-44.75428001710912,32716.95100632496
15,CLLLALALTCGAQALIVTQTMK,3,24,0,2389.302,1195.154,797.105,22,Bos_taurus,2388.2942798118997,2389.94,22,2388.3452059149345,-21.32275640414267,35008.130753878504
15,CLLLALALTCGAQALIVTQTMK,3,24,0,2389.302,1195.154,797.105,22,Ovis_aries,2388.2942798118997,2389.94,22,2388.3452059149345,-21.32275640414267,35008.130753878504
16,DHIHPSWDPGPSRPLLGPPAWGR,200,222,0,2545.285,1273.146,849.1,23,Bos_taurus,2544.2774592699,2545.81,23,2544.384037404549,-41.88759758039053,88760.43701800518
17,YLLFCMENSAEPEQSLACQCLVR,118,140,0,2818.267,1409.637,940.094,23,Bos_taurus,2817.2594272231,2819.217,23,2817.3374537096665,-27.69511563617429,47211.12511539832
17,YLLFCMENSAEPEQSLACQCLVR,118,140,0,2818.267,1409.637,940.094,23,Ovis_aries,2817.2594272231,2819.217,23,2817.3374537096665,-27.69511563617429,47211.12511539832
